,Team,Games_x_x,Points_x_x,Yards_x,Plays_x,Yards per Play_x,Turnovers,Fumbles Lost,First Downs,Completions_x_x,Attempts_x_x,Passing Yards,Passing TDs_x,Interceptions_x_x,Net Yards per Passing Attempt,Passing First Downs,Rushing Attempts,Rushing Yards,Rushing TDs_x_x,Rushing Yards per Attempt,Rushing First Downs,Penalties_x,Penalty Yards_x,First Downs by Penalty,Score Percentage,Turnover Percentage_x,Expected Points Contributed by Offense,Games_y_x,Rushing TDs_y_x,Receiving TDs_x,Punt Return TDs,Kick Return TDs,Fumble TDs_x,Interception TDs_x,Other TDs_x,All TDs_x,2 Point Conv. Made,2 Point Conv. Attempted,Defensive 2 Point,Extra Points Made_x,Extra Points Attempted_x,Field Goals Made_x,Field Goals Attempted_x,Safeties_x,Points_y_x,Points per Game_x,Games_x_x,Completions_y_x,Attempts_y_x,Completion Percentage_x,Yards_y,TDs_x,TD Percentage_x,Interceptions_y_x,INT Percentage,Long_x,Yards per Attempt_x,Adj. Yards per Attempt_x,Yards per Completion_x,Yards per Game_x,QBR_x,Sacks,Sack Yards_x,Net Yards per Attempt_x,Adj. Net Yards per Attempt,Sack Percentage_x,4Q Comebacks,Game Winning Drives,Expected Points Added_x_x,Games_y_x,Attempts_x,Yards_x,TDs_y,Long_y,Yards per Attempt_y,Yards per Game_y,Fumbles,Expected Points Added_y_x,Games_x_y,FGA: 0-19,FGM: 0-19,FGA: 20-29,FGM: 20-29,FGA: 30-39,FGM: 30-39,FGA: 40-49,FGM: 40-49,FGA: 50+,FGM: 50+,FGA_x,FGM_x,Long,FG Percentage_x,Extra Points Attempted_y,Extra Points Made_y,Extra Point Percentage_x,Kickoffs,Kickoff Yards,Touchbacks,Touchback Percentage,Kickoff Avg.,Punts_x,Punt Yards_x,Long,Blocked,Yards per Punt_x,Games_y_y,Punt Returns_x,PR Yards_x,PR TDs_x,Long PR,Yards per PR_x,Kick Returns_x,KR Yards_x,KR TDs_x,Long KR,Yards per KR_x,All Purpose Yards,Games_x_x,3rd Down Attempts_x,3rd Down Conversions_x,3rd Down Percentage_x,4th Down Attempts_x,4th Down Conversions_x,4th Down Percentage_x,Red Zone Attempts_x,Red Zone TDs_x,Red Zone Percentage_x,Games_y_x,Drives_x,Plays_y,Scoring Percentage_x,Turnover Percentage_y,Plays per Drive_x,Yards per Drive_x,Average Start_x,Average Time_x,Average Points_x,Games_x_y,Points_x_y,Yards_y,Plays_x,Yards per Play_y,Takeaways,Fumbles Recovered,1st Downs,Completions_x_y,Attempts_x_y, Passing Yards,Passing TDs_x,Interceptions_x_y,Passing Yards per Attempt_x,Passing 1st Downs,Rushing Attempts_x,Rushing Yards_x,Rushing TDs_x_y,Rushing Yards per Attempt_x,Rushing 1st Downs,Penalties_y,Penalty Yards_y,1st Downs by Penalty,Scoring Percentage_y,Takeaway Percentage,Expected Points Added_x_y,Games_y_y,Attempts_y_y,Completions_y_y,Passing Yards_x,Passing TDs_y,Target Depth,Completion Air Yards,Yards After Catch,Blitzes,Blitzes per Dropback,Hurries,Hurries per Dropback,Knockdowns,Knockdowns per Attempt,Sacks_x,Pressures,Pressures per Dropback,Missed Tackles,Games_x_y,Rushing TDs_y_y,Receiving TDs_y,PR TDs_y,KR TDs_y,Fumble TDs_y,Interception TDs_y,Other TDs_y,All TDs_y,2P Made,2p Attempted,Extra Points Made_x,Extra Points Attempted_x,Field Goals Made_y,Field Goals Attempted_y,Safeties_y,Points_y_y,Points per Game_y,Games_y_y,Completions,Attempts_y,Completion Percentage_y,Passing Yards_y,Passing TDs_y,TD Percentage_y,Interceptions_y_y,Passes Defensed,Interception Percentage,Passing Yards per Attempt_y,Adj. Yards per Attempt_y,Yards per Completion_y,Passing Yards per Game,QBR_y,Sacks_y,Sack Yards_y,QB Hits,Tackles for Loss,Net Yards per Attempt_y,Adj. Net Yards Per Attempt,Sack Percentage_y,Expected Points Added_y_y,Games,Rushing Attempts_y,Rushing Yards_y,Rushing TDs,Rushing Yards per Attempt_y,Rushing Yards per Game,Expected Points Added,Games_x_x,FGA_y,FGM_y,FG Percentage_y,Extra Points Attempted_y,Extra Points Made_y,Extra Point Percentage_y,Punts_y,Punt Yards_y,Punt Blocks,Yards per Punt_y,Games_y_x,Punt Returns_y,PR Yards_y,PR TDs,Yards per PR_y,Kick Returns_y,KR Yards_y,KR TDs,Yards per KR_y,Games_x_y,3rd Down Attempts_y,3rd Down Conversions_y,3rd Down Percentage_y,4th Down Attempts_y,4th Down Conversions_y,4th Down Percentage_y,Red Zone Attempts_y,Red Zone TDs_y,Red Zone Percentage_y,Games_y_y,Drives_y,Plays_y,Scoring Percentage,Turnover Percentage,Plays per Drive_y,Yards per Drive_y,Average Start_y,Average Time_y,Average Points_y
0,Green Bay Packers,16,509,6224,990,6.3,11,6,358,372,526,4106,48,5,7.5,216,443,2118,16,4.8,114,84,684,28,49.7,5.6,283.35\,16.0,16.0,48.0,,,1.0,1.0,,66.0,2.0,3.0,,59.0,63.0,16.0,16.0,1.0,509.0,31.8\,16.0,372.0,526.0,70.7,4106.0,48.0,9.1,5.0,1.0,78.0,8.2,9.6,11.6,256.6,121.5,21.0,193.0,7.5,8.9,3.8,1.0,2.0,247.81\,16.0,443.0,2118.0,16.0,77.0,4.8,132.4,11.0,42.74\,16,1,1,1,1,5,5,5,5,4,4,16,16,57,100.0%,63,59,93.7%,98,6201,52,53.1%,63.3,47,2092,62,1,44.5\,16,11,53,0,11,4.8,33,623,0,34,18.9,7241\,16,180,89,49.4%,21,13,61.9%,60,48,80.0%\,16,161,1006,49.7,5.6,6.2,38.6,Own 28.8,3:14,3.08\,16,369,5344,974,5.5,18,7,332,346,536,3539,23,11,6.1,184,397,1805,16,4.5,119,79,734,29,39.9,11.4,-95.27\,16.0,536.0,346.0,3539.0,23.0,7.7,2112.0,1858.0,150.0,24.7%,50.0,8.2%,36.0,6.7%,41.0,127.0,20.9%,108\,16.0,16.0,23.0,2.0,,,1.0,,42.0,5.0,5.0,35.0,37.0,24.0,27.0,,369.0,23.1\,16.0,346.0,536.0,64.6,3539.0,23.0,4.3,11.0,74.0,2.1,7.1,7.0,11.0,221.2,91.1,41.0,254.0,80.0,58.0,6.1,6.1,7.1,-59.41\,16.0,397.0,1805.0,16.0,4.5,112.8,-36.38\,16,27,24,88.9%,37,35,94.6%,56,2506,0,44.8\,16,17,291,2,17.1,45,1088,0,24.2\,16,185,73,39.5%,24,14,58.3%,52,30,57.7%\,16,158,1001,39.9,11.4,6.3,33.8,Own 28.6,2:48,2.18\
1,Buffalo Bills,16,501,6343,1034,6.1,22,11,397,410,596,4620,40,11,7.4,240,411,1723,16,4.2,119,102,941,38,49.4,11.8,225.63\,16.0,16.0,40.0,1.0,,1.0,2.0,,60.0,,1.0,,57.0,59.0,28.0,34.0,,501.0,31.3\,16.0,410.0,596.0,68.8,4620.0,40.0,6.7,11.0,1.8,56.0,8.0,8.5,11.7,288.8,107.6,27.0,166.0,7.4,7.9,4.3,2.0,3.0,244.72\,16.0,411.0,1723.0,16.0,51.0,4.2,107.7,18.0,-12.12\,16,1,1,9,9,9,6,9,8,6,4,34,28,58,82.4%,59,57,96.6%,101,6469,71,70.3%,64.0,41,2082,72,0,50.8\,16,31,370,1,84,11.9,36,995,0,60,27.6,8083\,16,187,93,49.7%,10,8,80.0%,68,42,61.8%\,16,170,1068,49.4,11.8,6.3,37.3,Own 30.7,2:59,2.80\,16,375,5640,1025,5.5,26,11,351,369,573,3726,23,15,6.1,199,414,1914,21,4.6,125,86,728,27,39.4,15.3,-92.76\,16.0,573.0,369.0,3726.0,23.0,7.0,2192.0,1758.0,230.0,35.8%,51.0,7.9%,46.0,8.0%,38.0,135.0,21.0%,127\,16.0,21.0,23.0,,,,,,44.0,5.0,7.0,32.0,37.0,23.0,25.0,,375.0,23.4\,16.0,369.0,573.0,64.4,3726.0,23.0,4.0,15.0,76.0,2.6,6.9,6.5,10.7,232.9,86.9,38.0,220.0,92.0,72.0,6.1,5.7,6.2,-53.29\,16.0,414.0,1914.0,21.0,4.6,119.6,-49.53\,16,25,23,92.0%,37,32,86.5%,63,2896,0,46.0\,16,16,138,0,8.6,30,537,0,17.9\,16,191,76,39.8%,19,11,57.9%,58,38,65.5%\,16,170,1050,39.4,15.3,6.2,33.1,Own 26.6,2:39,2.22\
2,Tampa Bay Buccaneers,16,492,6145,1017,6.0,17,5,364,410,626,4626,42,12,7.1,238,369,1519,16,4.1,82,84,715,44,47.8,8.9,221.09\,16.0,16.0,42.0,,,,1.0,,59.0,,2.0,,52.0,57.0,28.0,31.0,1.0,492.0,30.8\,16.0,410.0,626.0,65.5,4626.0,42.0,6.7,12.0,1.9,50.0,7.6,8.1,11.6,289.1,102.8,22.0,150.0,7.1,7.6,3.4,3.0,3.0,242.54\,16.0,369.0,1519.0,16.0,98.0,4.1,94.9,12.0,-9.75\,16,1,1,10,10,9,9,9,7,2,1,31,28,50,90.3%,57,52,91.2%,101,6493,85,84.2%,64.3,55,2486,62,0,45.2\,16,30,176,0,21,5.9,25,546,0,34,21.8,7225\,16,191,83,43.5%,14,8,57.1%,61,42,68.9%\,16,180,1048,47.8,8.9,5.8,34.1,Own 31.0,2:34,2.72\,16,355,5234,1023,5.1,25,10,319,426,617,3945,29,15,5.9,215,358,1289,10,3.6,78,95,1015,26,33.7,14.0,-22.54\,16.0,617.0,426.0,3945.0,29.0,7.6,2656.0,2002.0,268.0,39.0%,73.0,10.6%,66.0,10.7%,48.0,187.0,27.2%,103\,16.0,10.0,29.0,1.0,,,2.0,,42.0,1.0,3.0,38.0,39.0,21.0,26.0,,355.0,22.2\,16.0,426.0,617.0,69.0,3945.0,29.0,4.7,15.0,70.0,2.4,7.0,6.8,10.1,246.6,94.3,48.0,366.0,116.0,91.0,5.9,5.8,7.2,-49.27\,16.0,358.0,1289.0,10.0,3.6,80.6,25.54\,16,26,21,80.8%,39,38,97.4%,66,2956,1,44.8\,16,23,236,1,10.3,14,471,0,33.6\,16,205,82,40.0%,25,14,56.0%,51,32,62.7%\,16,178,1049,33.7,14.0,5.9,29.4,Own 28.1,2:48,1.89\
3,Tennessee Titans,16,491,6343,1031,6.2,12,5,381,316,485,3653,33,7,7.2,203,521,2690,26,5.2,142,86,783,36,47.9,7.2,245.01\,16.0,26.0,33.0,,1.0,2.0,,,62.0,4.0,7.0,,51.0,53.0,20.0,28.0,,491.0,30.7\,16.0,316.0,485.0,65.2,3653.0,33.0,6.8,7.0,1.4,75.0,7.9,8.6,12.1,228.3,105.9,25.0,173.0,7.2,7.8,4.9,5.0,6.0,191.17\,16.0,521.0,2690.0,26.0,94.0,5.2,168.1,15.0,58.09\,16,,,3,2,6,5,11,6,8,7,28,20,55,71.4%,53,51,96.2%,94,5795,53,56.4%,61.6,50,2256,66,1,45.1\,16,23,208,0,40,9.0,38,767,1,42,20.2,7788\,16,182,84,46.2%,16,10,62.5%,64,48,75.0%\,16,167,1059,47.9,7.2,6.3,37.7,Own 28.7,2:45,2.87\,16,439,6372,1076,5.9,23,8,391,423,630,4439,36,15,6.8,247,427,1933,18,4.5,113,103,840,31,45.2,13.3,-185.20\,16.0,630.0,423.0,4439.0,36.0,8.1,2586.0,2002.0,194.0,28.7%,49.0,7.2%,49.0,7.8%,19.0,117.0,17.3%,113\,16.0,18.0,36.0,,,,,1.0,54.0,1.0,8.0,42.0,47.0,21.0,23.0,1.0,439.0,27.4\,16.0,423.0,630.0,67.1,4439.0,36.0,5.7,15.0,81.0,2.4,7.3,7.4,10.9,277.4,97.5,19.0,154.0,72.0,54.0,6.8,6.9,2.9,-179.72\,16.0,427.0,1933.0,18.0,4.5,120.8,-31.76\,16,23,21,91.3%,47,42,89.4%,45,2147,0,47.7\,16,20,171,0,8.6,37,823,0,22.2\,16,214,111,51.9%,26,15,57.7%,65,45,69.2%\,16,166,1099,45.2,13.3,6.6,38.2,Own 27.7,3:04,2.66\
4,New Orleans Saints,16,482,6023,1045,5.8,17,9,367,370,522,3758,28,8,6.8,199,494,2265,30,4.6,147,98,1005,21,45.5,9.0,176.94\,16.0,30.0,28.0,,,,1.0,,59.0,,1.0,,57.0,58.0,23.0,28.0,1.0,482.0,30.1\,16.0,370.0,522.0,70.9,3758.0,28.0,5.4,8.0,1.5,52.0,7.6,7.9,10.7,234.9,104.1,29.0,187.0,6.8,7.2,5.3,1.0,3.0,124.81\,16.0,494.0,2265.0,30.0,49.0,4.6,141.6,27.0,49.14\,16,,,6,5,10,10,9,7,3,1,28,23,53,82.1%,58,57,98.3%,95,5962,71,74.7%,62.8,62,2674,58,0,43.1\,16,39,399,0,42,10.2,30,761,0,75,25.4,7578\,16,208,93,44.7%,16,11,68.8%,68,49,72.1%\,16,178,1073,45.5,9.0,6.0,33.9,Own 32.0,2:54,2.67\,16,337,4974,992,5.0,26,8,320,333,557,3472,28,18,5.8,185,390,1502,11,3.9,85,64,517,50,34.7,13.1,-40.02\,16.0,557.0,333.0,3472.0,28.0,9.0,2331.0,1589.0,197.0,31.8%,62.0,10.0%,54.0,9.7%,45.0,161.0,26.0%,81\,16.0,11.0,28.0,,,,,,39.0,2.0,4.0,33.0,35.0,22.0,26.0,,337.0,21.1\,16.0,333.0,557.0,59.8,3472.0,28.0,5.0,18.0,84.0,3.2,6.7,6.3,11.3,217.0,83.3,45.0,287.0,113.0,81.0,5.8,5.4,7.5,-73.09\,16.0,390.0,1502.0,11.0,3.9,93.9,22.79\,16,26,22,84.6%,35,33,94.3%,66,3068,0,46.5\,16,20,46,0,2.3,22,379,0,17.2\,16,207,79,38.2%,30,16,53.3%,50,34,68.0%\,16,176,1018,34.7,13.1,5.8,28.1,Own 27.5,2:37,1.93\
5,Kansas City Chiefs,16,473,6653,1057,6.3,16,9,397,420,630,4854,40,7,7.4,255,403,1799,13,4.5,110,105,919,32,47.9,9.2,258.38\,16.0,13.0,40.0,1.0,1.0,,2.0,,57.0,3.0,3.0,,48.0,54.0,25.0,27.0,1.0,473.0,29.6\,16.0,420.0,630.0,66.7,4854.0,40.0,6.3,7.0,1.1,75.0,7.9,8.7,11.9,303.4,107.3,24.0,151.0,7.4,8.2,3.7,3.0,3.0,241.71\,16.0,403.0,1799.0,13.0,32.0,4.5,112.4,19.0,23.03\,16,2,2,7,7,9,9,5,3,4,4,27,25,58,92.6%,54,48,88.9%,97,6130,72,74.2%,63.2,52,2339,67,0,45.0\,16,28,163,1,67,5.8,25,646,1,102,25.8,7881\,16,194,95,49.0%,16,9,56.3%,59,36,61.0%\,16,163,1084,47.9,9.2,6.7,40.7,Own 28.2,3:00,2.74\,16,362,5733,1022,5.6,22,6,353,349,557,3779,29,16,6.4,202,433,1954,14,4.5,113,97,760,38,36.1,13.0,-114.11\,16.0,557.0,349.0,3779.0,29.0,8.5,2151.0,2085.0,221.0,35.6%,55.0,8.9%,63.0,11.3%,32.0,150.0,24.2%,120\,16.0,14.0,29.0,,1.0,,,,44.0,1.0,4.0,38.0,40.0,18.0,26.0,2.0,362.0,22.6\,16.0,349.0,557.0,62.7,3779.0,29.0,5.2,16.0,64.0,2.9,7.1,6.9,11.4,236.2,89.4,32.0,189.0,99.0,47.0,6.4,6.2,5.4,-83.00\,16.0,433.0,1954.0,14.0,4.5,122.1,-46.96\,16,26,18,69.2%,40,38,95.0%,57,2647,0,46.4\,16,15,119,0,7.9,23,549,1,23.9\,16,188,77,41.0%,20,13,65.0%,47,36,76.6%\,16,169,1048,36.1,13.0,6.2,33.8,Own 25.8,2:50,2.10\
6,Baltimore Ravens,16,468,5810,993,5.9,18,7,327,257,406,2739,27,11,6.3,142,555,3071,24,5.5,166,104,961,19,45.3,10.6,148.30\,16.0,24.0,27.0,,1.0,3.0,,,55.0,2.0,2.0,,52.0,53.0,26.0,29.0,2.0,468.0,29.3\,16.0,257.0,406.0,63.3,2739.0,27.0,6.7,11.0,2.7,70.0,7.2,7.3,11.4,171.2,95.7,32.0,180.0,6.3,6.4,7.3,1.0,1.0,36.43\,16.0,555.0,3071.0,24.0,72.0,5.5,191.9,25.0,116.76\,16,,,8,8,7,6,9,9,5,3,29,26,55,89.7%,53,52,98.1%,95,6094,65,68.4%,64.1,53,2368,59,0,44.7\,16,27,244,0,20,9.0,23,613,1,93,26.7,7048\,16,207,101,48.8%,19,12,63.2%,60,38,63.3%\,16,170,1022,45.3,10.6,6.0,34.1,Own 31.9,2:58,2.56\,16,303,5276,1017,5.2,22,12,347,380,596,3536,22,10,5.6,213,382,1740,12,4.6,96,77,646,38,30.0,12.4,-17.69\,16.0,596.0,380.0,3536.0,22.0,7.9,2078.0,1787.0,290.0,44.1%,60.0,9.1%,71.0,11.9%,39.0,170.0,25.9%,135\,16.0,12.0,22.0,,,1.0,2.0,,37.0,4.0,6.0,25.0,30.0,16.0,24.0,,303.0,18.9\,16.0,380.0,596.0,63.8,3536.0,22.0,3.7,10.0,67.0,1.7,6.4,6.4,10.0,221.0,87.2,39.0,272.0,116.0,71.0,5.6,5.6,6.1,-51.17\,16.0,382.0,1740.0,12.0,4.6,108.8,14.33\,16,24,16,66.7%,30,25,83.3%,61,2838,0,46.5\,16,19,108,0,5.7,30,634,0,21.1\,16,191,65,34.0%,35,16,45.7%,45,28,62.2%\,16,170,1041,30.0,12.4,6.1,30.8,Own 25.6,2:43,1.72\
7,Seattle Seahawks,16,459,5912,1022,5.8,18,5,356,388,563,3941,40,13,6.5,216,411,1971,15,4.8,111,84,662,29,44.4,10.1,129.24\,16.0,15.0,40.0,,,,,,55.0,1.0,2.0,,49.0,53.0,24.0,24.0,3.0,459.0,28.7\,16.0,388.0,563.0,68.9,3941.0,40.0,7.1,13.0,2.3,62.0,7.5,7.9,10.9,246.3,105.0,48.0,304.0,6.5,6.8,7.9,3.0,3.0,117.25\,16.0,411.0,1971.0,15.0,50.0,4.8,123.2,14.0,26.56\,16,,,2,2,7,7,13,13,2,2,24,24,61,100.0%,53,49,92.5%,93,5818,52,55.9%,62.6,61,3028,67,0,49.6\,16,22,189,0,20,8.6,28,629,0,49,22.5,7129\,16,189,76,40.2%,14,8,57.1%,56,41,73.2%\,16,178,1046,44.4,10.1,5.9,33.1,Own 31.1,2:42,2.57\,16,371,6089,1112,5.5,22,8,376,450,674,4560,23,14,6.3,253,392,1529,18,3.9,97,94,803,26,40.0,12.0,-85.81\,16.0,674.0,450.0,4560.0,23.0,8.0,2970.0,1925.0,253.0,33.5%,70.0,9.3%,60.0,8.9%,46.0,176.0,23.3%,89\,16.0,18.0,23.0,,,,1.0,,42.0,3.0,9.0,26.0,33.0,29.0,35.0,,371.0,23.2\,16.0,450.0,674.0,66.8,4560.0,23.0,3.4,14.0,80.0,2.1,7.1,6.9,10.7,285.0,90.2,46.0,251.0,109.0,88.0,6.3,6.1,6.4,-118.72\,16.0,392.0,1529.0,18.0,3.9,95.6,13.95\,16,35,29,82.9%,33,26,78.8%,56,2524,1,45.1\,16,28,199,0,7.1,38,815,0,21.4\,16,223,105,47.1%,23,10,43.5%,56,35,62.5%\,16,175,1147,40.0,12.0,6.6,34.8,Own 25.5,2:47,2.14\
8,Indianapolis Colts,16,451,6049,1032,5.9,15,4,364,371,552,4053,24,11,7.1,201,459,1996,20,4.3,129,94,899,34,44.4,8.8,168.41\,16.0,20.0,24.0,,1.0,,4.0,1.0,50.0,3.0,5.0,,43.0,45.0,32.0,37.0,3.0,451.0,28.2\,16.0,371.0,552.0,67.2,4053.0,24.0,4.3,11.0,2.0,55.0,7.6,7.6,11.3,253.3,95.9,21.0,133.0,7.1,7.0,3.7,2.0,3.0,166.22\,16.0,459.0,1996.0,20.0,62.0,4.3,124.8,8.0,12.49\,16,,,10,10,13,12,11,9,3,1,37,32,53,86.5%,45,43,95.6%,97,6070,46,47.4%,62.6,49,2216,60,1,45.2\,16,31,312,0,26,10.1,43,1111,1,101,25.8,7910\,16,197,78,39.6%,26,16,61.5%,60,35,58.3%\,16,171,1069,44.4,8.8,6.3,35.4,Own 30.2,2:55,2.36\,16,362,5314,992,5.4,25,10,329,369,562,3866,24,15,6.4,203,390,1448,16,3.7,94,86,755,32,35.1,14.3,-75.62\,16.0,562.0,369.0,3866.0,24.0,8.0,2546.0,1766.0,108.0,17.1%,71.0,11.2%,34.0,6.0%,40.0,145.0,22.9%,70\,16.0,16.0,24.0,,1.0,1.0,1.0,,43.0,2.0,2.0,41.0,41.0,19.0,23.0,1.0,362.0,22.6\,16.0,369.0,562.0,65.7,3866.0,24.0,4.3,15.0,78.0,2.7,7.3,7.0,11.2,241.6,90.5,40.0,261.0,81.0,71.0,6.4,6.1,6.6,-90.05\,16.0,390.0,1448.0,16.0,3.7,90.5,13.82\,16,23,19,82.6%,41,41,100.0%,64,2832,1,44.3\,16,23,177,0,7.7,51,1087,1,21.3\,16,203,86,42.4%,14,6,42.9%,52,32,61.5%\,16,168,1015,35.1,14.3,6.0,31.6,Own 25.8,2:46,2.01\
9,Las Vegas Raiders,16,434,6133,1036,5.9,26,16,359,369,551,4217,28,10,7.3,206,457,1916,20,4.2,121,98,856,32,47.9,14.8,147.62\,16.0,20.0,28.0,,,,,,48.0,1.0,1.0,,45.0,47.0,33.0,35.0,,434.0,27.1\,16.0,369.0,551.0,67.0,4217.0,28.0,5.1,10.0,1.8,85.0,8.0,8.2,11.9,263.6,100.4,28.0,166.0,7.3,7.5,4.8,3.0,5.0,133.30\,16.0,457.0,1916.0,20.0,43.0,4.2,119.8,24.0,17.40\,16,,,18,18,8,8,5,3,4,4,35,33,54,94.3%,47,45,95.7%,95,5966,61,64.2%,62.8,44,1939,63,0,44.1\,16,23,265,0,32,11.5,22,418,0,44,19.0,7125\,16,198,91,46.0%,21,16,76.2%,59,32,54.2%\,16,169,1071,47.9,14.8,6.3,36.2,Own 29.5,2:56,2.57\,16,478,6225,1039,6.0,15,5,381,370,580,4212,28,10,7.0,223,438,2013,24,4.6,114,95,915,44,50.3,8.4,-211.22\,16.0,580.0,370.0,4212.0,28.0,7.8,2488.0,2054.0,147.0,23.5%,75.0,12.0%,48.0,8.3%,21.0,144.0,23.0%,147\,16.0,24.0,28.0,,,1.0,2.0,,55.0,4.0,6.0,44.0,48.0,32.0,39.0,,478.0,29.9\,16.0,370.0,580.0,63.8,4212.0,28.0,4.8,10.0,74.0,1.7,7.5,7.7,11.7,263.3,95.3,21.0,129.0,77.0,61.0,7.0,7.2,3.5,-181.81\,16.0,438.0,2013.0,24.0,4.6,125.8,-38.01\,16,39,32,82.1%,48,44,91.7%,48,2192,0,45.7\,16,14,133,0,9.5,32,748,0,23.4\,16,205,100,48.8%,17,14,82.4%,68,42,61.8%\,16,167,1078,50.3,8.4,6.5,37.3,Own 28.9,2:49,2.75\
10,Minnesota Vikings,16,430,6292,1023,6.2,23,10,383,349,516,4009,35,13,7.2,212,468,2283,20,4.9,139,82,650,32,39.8,12.5,157.70\,16.0,20.0,35.0,,,,,,55.0,8.0,12.0,,37.0,43.0,15.0,22.0,1.0,430.0,26.9\,16.0,349.0,516.0,67.6,4009.0,35.0,6.8,13.0,2.5,71.0,8.3,8.5,12.2,250.6,105.0,39.0,256.0,7.2,7.4,7.0,1.0,3.0,140.98\,16.0,468.0,2283.0,20.0,70.0,4.9,142.7,22.0,32.49\,16,,,6,6,4,3,7,4,5,2,22,15,53,68.2%,43,37,86.0%,85,5053,53,62.4%,59.4,56,2435,59,2,43.5\,16,16,69,0,13,4.3,33,722,0,38,21.9,7398\,16,181,74,40.9%,23,13,56.5%,59,42,71.2%\,16,176,1045,39.8,12.5,5.9,35.7,Own 26.2,2:44,2.44\,16,475,6292,1036,6.1,22,7,366,358,541,4141,30,15,7.3,208,472,2151,19,4.6,136,83,723,22,50.0,10.7,-180.29\,16.0,541.0,358.0,4141.0,30.0,9.0,2585.0,1800.0,159.0,26.9%,48.0,8.1%,39.0,7.2%,23.0,110.0,18.6%,131\,16.0,19.0,30.0,,1.0,2.0,1.0,,53.0,3.0,7.0,42.0,46.0,35.0,39.0,2.0,475.0,29.7\,16.0,358.0,541.0,66.2,4141.0,30.0,5.5,15.0,56.0,2.8,7.9,7.7,11.9,258.8,97.0,23.0,126.0,70.0,54.0,7.3,7.2,4.1,-149.87\,16.0,472.0,2151.0,19.0,4.6,134.4,-41.77\,16,39,35,89.7%,46,42,91.3%,42,1929,0,45.9\,16,33,321,0,9.7,27,670,1,24.8\,16,185,73,39.5%,24,17,70.8%,58,34,58.6%\,16,168,1070,50.0,10.7,6.4,37.2,Own 32.9,2:53,2.67\
11,Pittsburgh Steelers,16,416,5354,1043,5.1,18,7,322,428,656,4003,35,11,6.0,206,373,1351,12,3.6,81,81,691,35,37.2,8.5,78.22\,16.0,12.0,35.0,,,,3.0,,50.0,2.0,5.0,,41.0,45.0,23.0,24.0,1.0,416.0,26.0\,16.0,428.0,656.0,65.2,4003.0,35.0,5.3,11.0,1.7,84.0,6.3,6.6,9.6,250.2,93.5,14.0,126.0,6.0,6.3,2.1,4.0,4.0,138.47\,16.0,373.0,1351.0,12.0,59.0,3.6,84.4,22.0,-45.84\,16,,,6,6,7,7,10,9,1,1,24,23,59,95.8%,45,41,91.1%,88,5491,45,51.1%,62.4,77,3470,62,0,45.1\,16,37,356,0,57,9.6,29,670,0,49,23.1,6683\,16,230,97,42.2%,19,10,52.6%,52,33,63.5%\,16,188,1067,37.2,8.5,5.7,28.4,Own 30.8,2:37,2.12\,16,312,4893,996,4.9,27,9,281,298,526,3110,22,18,5.3,163,414,1783,13,4.3,94,103,980,24,29.3,13.8,33.24\,16.0,526.0,298.0,3110.0,22.0,9.5,2094.0,1376.0,244.0,40.3%,79.0,13.0%,68.0,12.9%,56.0,203.0,33.5%,112\,16.0,13.0,22.0,,,,1.0,,36.0,2.0,3.0,32.0,33.0,20.0,24.0,,312.0,19.5\,16.0,298.0,526.0,56.7,3110.0,22.0,4.2,18.0,84.0,3.4,6.6,5.9,11.7,194.4,76.7,56.0,384.0,137.0,103.0,5.3,4.7,9.6,22.83\,16.0,414.0,1783.0,13.0,4.3,111.4,3.99\,16,24,20,83.3%,33,32,97.0%,81,3701,0,45.7\,16,32,320,0,10.0,41,908,0,22.1\,16,222,83,37.4%,20,5,25.0%,45,25,55.6%\,16,188,1020,29.3,13.8,5.4,26.0,Own 28.3,2:29,1.62\
12,Arizona Cardinals,16,410,6153,1083,5.7,21,8,381,387,575,3916,27,13,6.5,211,479,2237,22,4.7,136,113,868,34,40.2,11.7,103.62\,16.0,22.0,27.0,,,,,,49.0,,3.0,,45.0,46.0,23.0,30.0,1.0,410.0,25.6\,16.0,387.0,575.0,67.3,3916.0,27.0,4.7,13.0,2.3,80.0,7.1,7.1,10.6,244.8,94.1,29.0,186.0,6.5,6.4,4.8,3.0,4.0,74.08\,16.0,479.0,2237.0,22.0,69.0,4.7,139.8,22.0,49.64\,16,,,5,5,7,6,15,10,3,2,30,23,56,76.7%,46,45,97.8%,87,5450,39,44.8%,62.6,58,2600,61,0,44.8\,16,25,136,0,24,5.4,24,525,0,54,21.9,7159\,16,202,80,39.6%,25,17,68.0%,58,38,65.5%\,16,179,1113,40.2,11.7,6.2,34.4,Own 29.1,2:36,2.30\,16,367,5631,1054,5.3,21,10,363,365,570,3623,26,11,5.9,207,436,2008,13,4.6,118,104,841,38,37.2,10.5,-82.04\,16.0,570.0,365.0,3623.0,26.0,7.7,1920.0,2057.0,256.0,39.3%,66.0,10.1%,54.0,9.5%,48.0,168.0,25.8%,111\,16.0,13.0,26.0,,,1.0,2.0,,42.0,,4.0,36.0,38.0,25.0,30.0,2.0,367.0,22.9\,16.0,365.0,570.0,64.0,3623.0,26.0,4.6,11.0,57.0,1.9,6.9,7.0,10.8,226.4,91.5,48.0,326.0,100.0,88.0,5.9,5.9,7.8,-79.44\,16.0,436.0,2008.0,13.0,4.6,125.5,-24.28\,16,30,25,83.3%,38,36,94.7%,67,2985,2,44.6\,16,22,201,0,9.1,46,895,0,19.5\,16,202,80,39.6%,21,14,66.7%,56,29,51.8%\,16,172,1084,37.2,10.5,6.3,32.7,Own 28.0,2:56,2.02\
13,Cleveland Browns,16,408,5913,1022,5.8,16,8,355,315,501,3539,27,8,6.7,195,495,2374,21,4.8,133,100,870,27,40.6,9.7,159.48\,16.0,21.0,27.0,,,,2.0,,50.0,2.0,2.0,,43.0,48.0,19.0,24.0,2.0,408.0,25.5\,16.0,315.0,501.0,62.9,3539.0,27.0,5.4,8.0,1.6,75.0,7.4,7.7,11.7,221.2,96.6,26.0,162.0,6.7,7.1,4.9,2.0,2.0,130.48\,16.0,495.0,2374.0,21.0,59.0,4.8,148.4,23.0,33.06\,16,,,5,5,6,4,12,10,1,,24,19,46,79.2%,48,43,89.6%,84,5325,45,53.6%,63.4,51,2244,59,0,44.0\,16,24,115,0,13,4.8,36,795,0,43,22.1,7160\,16,196,88,44.9%,24,8,33.3%,53,39,73.6%\,16,165,1046,40.6,9.7,6.3,35.6,Own 28.1,3:00,2.38\,16,419,5735,1035,5.5,21,10,352,371,585,3962,31,11,6.4,214,412,1773,16,4.3,116,84,690,22,43.0,12.7,-150.42\,16.0,585.0,371.0,3962.0,31.0,8.7,2465.0,1857.0,138.0,21.3%,69.0,10.6%,29.0,5.0%,38.0,136.0,21.0%,97\,16.0,16.0,31.0,,1.0,1.0,1.0,,50.0,5.0,9.0,38.0,41.0,23.0,27.0,1.0,419.0,26.2\,16.0,371.0,585.0,63.4,3962.0,31.0,5.3,11.0,74.0,1.9,7.2,7.4,11.4,247.6,94.8,38.0,262.0,75.0,57.0,6.4,6.6,6.1,-148.14\,16.0,412.0,1773.0,16.0,4.3,110.8,-19.02\,16,27,23,85.2%,41,38,92.7%,50,2171,0,43.4\,16,25,229,0,9.2,38,998,1,26.3\,16,205,90,43.9%,27,22,81.5%,61,37,60.7%\,16,165,1062,43.0,12.7,6.4,34.6,Own 30.3,2:49,2.45\
14,Miami Dolphins,16,404,5424,1021,5.3,20,7,345,370,559,3736,24,13,6.3,207,428,1688,15,3.9,100,74,635,38,41.4,11.0,61.96\,16.0,15.0,24.0,1.0,,2.0,,,42.0,4.0,6.0,,36.0,36.0,36.0,39.0,,404.0,25.3\,16.0,370.0,559.0,66.2,3736.0,24.0,4.3,13.0,2.3,70.0,7.0,6.9,10.6,233.5,91.2,34.0,201.0,6.3,6.1,5.7,3.0,3.0,89.14\,16.0,428.0,1688.0,15.0,31.0,3.9,105.5,17.0,-19.99\,16,1,1,8,8,7,7,14,12,9,8,39,36,56,92.3%,36,36,100.0%,92,5589,64,69.6%,60.8,68,3040,63,0,44.7\,16,32,354,1,88,11.1,12,215,0,45,17.9,6487\,16,202,78,38.6%,10,8,80.0%,60,35,58.3%\,16,181,1060,41.4,11.0,5.9,30.0,Own 29.7,2:46,2.10\,16,338,5886,998,5.9,29,11,336,343,545,4024,21,18,6.9,193,412,1862,17,4.5,113,85,805,30,30.7,15.6,-36.43\,16.0,545.0,343.0,4024.0,21.0,9.2,2365.0,2036.0,247.0,40.6%,56.0,9.2%,46.0,8.4%,41.0,143.0,23.5%,107\,16.0,17.0,21.0,2.0,,,1.0,,41.0,,0.0,39.0,41.0,17.0,23.0,1.0,338.0,21.1\,16.0,343.0,545.0,62.9,4024.0,21.0,3.9,18.0,76.0,3.3,8.0,7.3,12.7,251.5,87.0,41.0,349.0,99.0,69.0,6.9,6.2,7.0,-11.04\,16.0,412.0,1862.0,17.0,4.5,116.4,-26.37\,16,23,17,73.9%,41,39,95.1%,66,3036,1,46.0\,16,24,297,2,12.4,24,376,0,15.7\,16,186,58,31.2%,26,12,46.2%,47,27,57.4%\,16,179,1021,30.7,15.6,5.7,32.8,Own 26.4,2:34,1.77\
15,Atlanta Falcons,16,396,5895,1078,5.5,18,7,366,408,628,4363,27,11,6.5,243,409,1532,13,3.7,86,83,736,37,44.8,10.3,129.77\,16.0,13.0,27.0,,,,1.0,,41.0,1.0,3.0,,34.0,38.0,38.0,40.0,,396.0,24.8\,16.0,408.0,628.0,65.0,4363.0,27.0,4.3,11.0,1.8,63.0,7.4,7.4,11.3,272.7,93.9,41.0,257.0,6.5,6.6,6.1,,,155.83\,16.0,409.0,1532.0,13.0,62.0,3.7,95.8,16.0,-17.02\,16,,,11,11,12,11,9,8,8,8,40,38,54,95.0%,38,34,89.5%,92,5802,46,50.0%,63.1,56,2381,57,0,42.5\,16,17,152,0,24,8.9,20,409,0,29,20.5,6918\,16,221,97,43.9%,26,15,57.7%,58,31,53.4%\,16,174,1118,44.8,10.3,6.4,33.8,Own 28.1,2:49,2.26\,16,414,6374,1034,6.2,21,9,367,425,625,4697,34,12,7.2,239,380,1677,15,4.4,97,91,800,31,42.0,12.1,-148.58\,16.0,625.0,425.0,4697.0,34.0,8.5,2757.0,2248.0,224.0,32.8%,70.0,10.2%,60.0,9.6%,29.0,159.0,23.3%,100\,16.0,15.0,34.0,,,,,,49.0,2.0,4.0,44.0,45.0,24.0,28.0,,414.0,25.9\,16.0,425.0,625.0,68.0,4697.0,34.0,5.4,12.0,51.0,1.9,7.9,8.1,11.6,293.6,101.7,29.0,221.0,92.0,63.0,7.2,7.4,4.4,-177.33\,16.0,380.0,1677.0,15.0,4.4,104.8,20.45\,16,28,24,85.7%,45,44,97.8%,54,2468,0,45.7\,16,26,142,0,5.5,43,1010,0,23.5\,16,195,80,41.0%,23,10,43.5%,56,36,64.3%\,16,174,1062,42.0,12.1,6.1,36.6,Own 28.6,2:42,2.39\
16,Dallas Cowboys,16,395,5949,1113,5.3,26,13,371,413,639,4161,25,13,6.1,231,430,1788,14,4.2,115,96,849,25,40.6,14.4,58.97\,16.0,14.0,25.0,,1.0,2.0,,,42.0,4.0,6.0,,33.0,36.0,34.0,41.0,,395.0,24.7\,16.0,413.0,639.0,64.6,4161.0,25.0,3.9,13.0,2.0,69.0,7.1,6.9,10.9,260.1,89.9,44.0,350.0,6.1,6.0,6.4,3.0,4.0,48.16\,16.0,430.0,1788.0,14.0,42.0,4.2,111.8,19.0,21.70\,16,1,1,5,5,13,13,13,12,9,3,41,34,59,82.9%,36,33,91.7%,92,5705,60,65.2%,62.0,50,2250,58,0,45.0\,16,29,265,0,73,9.1,37,965,1,67,26.1,7743\,16,215,87,40.5%,31,17,54.8%,54,27,50.0%\,16,180,1154,40.6,14.4,6.4,32.9,Own 28.5,2:31,2.08\,16,473,6183,1054,5.9,23,13,359,328,513,3642,34,10,6.7,180,510,2541,20,5.0,142,91,733,37,43.1,12.2,-141.70\,16.0,513.0,328.0,3642.0,34.0,8.4,2319.0,1688.0,131.0,22.7%,58.0,10.0%,42.0,8.2%,31.0,131.0,22.7%,103\,16.0,20.0,34.0,,,1.0,2.0,,57.0,4.0,8.0,45.0,48.0,24.0,27.0,3.0,473.0,29.6\,16.0,328.0,513.0,63.9,3642.0,34.0,6.6,10.0,46.0,1.9,7.4,7.9,11.6,227.6,100.4,31.0,178.0,74.0,54.0,6.7,7.1,5.7,-105.15\,16.0,510.0,2541.0,20.0,5.0,158.8,-50.73\,16,27,24,88.9%,48,45,93.8%,54,2461,0,45.6\,16,15,132,0,8.8,29,606,0,20.9\,16,209,98,46.9%,21,10,47.6%,55,34,61.8%\,16,181,1081,43.1,12.2,6.0,34.1,Own 30.8,2:48,2.49\
17,Houston Texans,16,384,6004,940,6.4,18,11,326,383,546,4538,33,7,7.6,222,344,1466,10,4.3,83,80,619,21,42.9,9.8,140.22\,16.0,10.0,33.0,,,,1.0,,44.0,1.0,4.0,,37.0,40.0,27.0,31.0,,384.0,24.0\,16.0,383.0,546.0,70.1,4538.0,33.0,6.0,7.0,1.3,77.0,8.9,9.5,12.6,283.6,112.3,50.0,305.0,7.6,8.2,8.4,,,167.25\,16.0,344.0,1466.0,10.0,48.0,4.3,91.6,21.0,-9.85\,16,,,8,8,9,9,8,6,6,4,31,27,54,87.1%,40,37,92.5%,87,5469,52,59.8%,62.9,55,2531,67,0,46.0\,16,20,158,0,19,7.9,36,722,0,29,20.1,7195\,16,193,83,43.0%,16,9,56.3%,50,27,54.0%\,16,163,971,42.9,9.8,6.0,36.8,Own 26.7,2:41,2.34\,16,464,6668,1068,6.2,9,6,390,377,541,4104,30,3,7.1,222,493,2564,24,5.2,145,76,678,23,47.0,5.4,-242.84\,16.0,541.0,377.0,4104.0,30.0,7.7,2232.0,2282.0,212.0,35.9%,48.0,8.1%,41.0,7.6%,34.0,123.0,20.8%,125\,16.0,24.0,30.0,,,1.0,,,55.0,3.0,4.0,49.0,50.0,25.0,31.0,2.0,464.0,29.0\,16.0,377.0,541.0,69.7,4104.0,30.0,5.5,3.0,50.0,0.6,8.0,8.9,11.5,256.5,109.6,34.0,221.0,80.0,65.0,7.1,7.9,5.9,-190.89\,16.0,493.0,2564.0,24.0,5.2,160.3,-58.20\,16,31,25,80.6%,50,49,98.0%,51,2285,1,44.8\,16,19,128,0,6.7,34,705,0,20.7\,16,202,96,47.5%,21,11,52.4%,63,40,63.5%\,16,168,1099,47.0,5.4,6.5,39.7,Own 27.1,3:08,2.70\
18,Los Angeles Chargers,16,384,6113,1127,5.4,16,6,373,413,627,4329,31,10,6.5,226,466,1784,12,3.8,111,85,710,36,38.3,8.6,129.60\,16.0,12.0,31.0,,,,2.0,,45.0,2.0,5.0,,36.0,39.0,24.0,33.0,1.0,384.0,24.0\,16.0,413.0,627.0,65.9,4329.0,31.0,4.9,10.0,1.6,72.0,7.3,7.5,11.0,270.6,97.0,34.0,219.0,6.5,6.8,5.1,2.0,4.0,155.91\,16.0,466.0,1784.0,12.0,36.0,3.8,111.5,16.0,-15.56\,16,,,8,8,6,6,13,8,6,2,33,24,53,72.7%,39,36,92.3%,84,5364,49,58.3%,63.9,60,2669,63,3,44.5\,16,18,100,0,30,5.6,42,924,0,76,22.0,7606\,16,224,99,44.2%,25,12,48.0%,56,32,57.1%\,16,175,1160,38.3,8.6,6.6,34.8,Own 26.6,2:55,2.13\,16,426,5495,997,5.5,19,7,324,340,543,3578,29,12,6.3,186,427,1917,17,4.5,112,94,869,26,43.5,10.0,-89.82\,16.0,543.0,340.0,3578.0,29.0,8.9,2386.0,1601.0,98.0,16.3%,58.0,9.7%,51.0,9.4%,27.0,136.0,22.6%,109\,16.0,17.0,29.0,1.0,,,,2.0,47.0,3.0,5.0,40.0,44.0,28.0,32.0,1.0,426.0,26.6\,16.0,340.0,543.0,62.6,3578.0,29.0,5.3,12.0,54.0,2.2,6.8,6.9,10.9,223.6,91.4,27.0,137.0,84.0,55.0,6.3,6.3,4.7,-95.87\,16.0,427.0,1917.0,17.0,4.5,119.8,-3.97\,16,32,28,87.5%,44,40,90.9%,61,2893,0,47.4\,16,37,564,1,15.2,34,913,0,26.9\,16,204,89,43.6%,15,10,66.7%,55,32,58.2%\,16,170,1029,43.5,10.0,6.1,32.2,Own 32.1,2:46,2.39\
19,Detroit Lions,16,377,5603,991,5.7,21,8,350,374,582,4104,27,13,6.6,220,367,1499,17,4.1,93,95,860,37,38.5,11.2,94.78\,16.0,17.0,27.0,1.0,,,,,45.0,2.0,4.0,,38.0,41.0,21.0,28.0,1.0,377.0,23.6\,16.0,374.0,582.0,64.3,4104.0,27.0,4.6,13.0,2.2,73.0,7.6,7.5,11.8,256.5,93.3,42.0,293.0,6.6,6.5,6.7,3.0,4.0,117.49\,16.0,367.0,1499.0,17.0,54.0,4.1,93.7,13.0,-12.40\,16,,,4,4,7,7,7,4,10,6,28,21,59,75.0%,41,38,92.7%,78,4735,26,33.3%,60.7,59,2897,67,0,49.1\,16,17,217,1,74,12.8,34,845,0,71,24.9,7015\,16,192,79,41.1%,20,10,50.0%,53,35,66.0%\,16,169,1014,38.5,11.2,6.0,33.0,Own 28.3,2:38,2.20\,16,519,6716,1068,6.3,12,5,415,383,557,4558,38,7,7.8,253,487,2158,27,4.4,127,103,797,35,47.9,7.1,-283.04\,16.0,557.0,383.0,4558.0,38.0,8.8,2782.0,2175.0,142.0,23.7%,46.0,7.7%,31.0,5.6%,24.0,101.0,16.9%,128\,16.0,27.0,38.0,,,,3.0,,68.0,5.0,6.0,53.0,62.0,16.0,20.0,,519.0,32.4\,16.0,383.0,557.0,68.8,4558.0,38.0,6.8,7.0,51.0,1.3,8.5,9.3,12.4,284.9,112.4,24.0,195.0,56.0,61.0,7.8,8.6,4.1,-247.97\,16.0,487.0,2158.0,27.0,4.4,134.9,-42.32\,16,20,16,80.0%,62,53,85.5%,50,2066,3,41.3\,16,21,116,0,5.5,49,1049,0,21.4\,16,193,91,47.2%,18,11,61.1%,65,47,72.3%\,16,169,1088,47.9,7.1,6.4,39.8,Own 27.9,3:02,2.98\
20,San Francisco 49ers,16,376,5922,1046,5.7,31,14,350,371,570,4033,25,17,6.6,217,437,1889,19,4.3,101,85,731,32,36.3,14.8,55.70\,16.0,19.0,25.0,,,,1.0,,45.0,1.0,4.0,,38.0,40.0,22.0,26.0,,376.0,23.5\,16.0,371.0,570.0,65.1,4033.0,25.0,4.4,17.0,3.0,76.0,7.6,7.1,11.6,252.1,90.1,39.0,287.0,6.6,6.2,6.4,1.0,1.0,86.06\,16.0,437.0,1889.0,19.0,80.0,4.3,118.1,20.0,-18.51\,16,,,3,3,8,7,11,10,4,2,26,22,52,84.6%,40,38,95.0%,81,4871,44,54.3%,60.1,67,3093,60,1,46.2\,16,25,226,0,21,9.0,27,520,0,34,19.3,7100\,16,197,77,39.1%,15,6,40.0%,55,37,67.3%\,16,182,1072,36.3,14.8,5.9,32.6,Own 27.4,2:46,2.05\,16,390,5030,997,5.0,20,8,311,341,537,3327,25,12,5.9,176,430,1703,12,4.0,102,79,709,33,38.3,10.4,-16.82\,16.0,537.0,341.0,3327.0,25.0,7.8,1907.0,1673.0,203.0,33.6%,69.0,11.4%,38.0,7.1%,30.0,137.0,22.7%,68\,16.0,12.0,25.0,,1.0,2.0,2.0,,42.0,1.0,2.0,37.0,40.0,33.0,37.0,,390.0,24.4\,16.0,341.0,537.0,63.5,3327.0,25.0,4.7,12.0,62.0,2.2,6.6,6.5,10.3,207.9,88.6,30.0,199.0,72.0,67.0,5.9,5.8,5.3,-42.15\,16.0,430.0,1703.0,12.0,4.0,106.4,15.79\,16,37,33,89.2%,40,37,92.5%,69,3349,0,48.5\,16,23,183,0,8.0,32,795,1,24.8\,16,200,71,35.5%,20,13,65.0%,45,26,57.8%\,16,183,1034,38.3,10.4,5.7,27.3,Own 30.5,2:30,1.96\
21,Los Angeles Rams,16,372,6032,1088,5.5,25,11,352,392,590,4014,20,14,6.5,206,473,2018,19,4.3,123,71,655,23,34.2,12.5,53.76\,16.0,19.0,20.0,,,1.0,3.0,,43.0,1.0,1.0,,38.0,42.0,24.0,30.0,1.0,372.0,23.3\,16.0,392.0,590.0,66.4,4014.0,20.0,3.4,14.0,2.4,56.0,7.1,6.7,10.7,250.9,88.4,25.0,169.0,6.5,6.2,4.1,0.0,1.0,68.03\,16.0,473.0,2018.0,19.0,61.0,4.3,126.1,19.0,-21.41\,16,,,7,6,11,10,10,7,2,1,30,24,51,80.0%,42,38,90.5%,81,5204,54,66.7%,64.2,69,3099,63,1,44.9\,16,34,235,0,34,6.9,25,516,0,41,20.6,7224\,16,226,98,43.4%,17,8,47.1%,57,33,57.9%\,16,184,1118,34.2,12.5,6.1,32.7,Own 27.9,2:47,1.88\,16,296,4511,989,4.6,22,8,280,347,548,3051,17,14,5.1,170,388,1460,12,3.8,91,78,582,19,27.9,12.0,83.84\,16.0,548.0,347.0,3051.0,17.0,7.4,1604.0,1747.0,171.0,27.3%,46.0,7.3%,46.0,8.4%,53.0,145.0,23.1%,79\,16.0,12.0,17.0,1.0,,2.0,1.0,,33.0,,1.0,32.0,32.0,22.0,26.0,,296.0,18.5\,16.0,347.0,548.0,63.3,3051.0,17.0,3.1,14.0,68.0,2.6,6.2,5.7,9.8,190.7,80.4,53.0,350.0,102.0,66.0,5.1,4.6,8.8,39.41\,16.0,388.0,1460.0,12.0,3.8,91.3,32.43\,16,26,22,84.6%,32,32,100.0%,84,4065,0,48.4\,16,23,297,1,12.9,26,737,0,28.3\,16,209,74,35.4%,21,9,42.9%,46,27,58.7%\,16,183,1015,27.9,12.0,5.5,24.6,Own 29.3,2:27,1.47\
22,Chicago Bears,16,372,5302,1043,5.1,22,6,335,402,614,3655,26,16,5.6,218,393,1647,12,4.2,93,88,777,24,38.9,12.0,34.92\,16.0,12.0,26.0,,1.0,1.0,,,40.0,2.0,3.0,,36.0,37.0,30.0,32.0,1.0,372.0,23.3\,16.0,402.0,614.0,65.5,3655.0,26.0,4.2,16.0,2.6,53.0,6.4,6.1,9.8,228.4,86.5,36.0,270.0,5.6,5.3,5.5,3.0,3.0,37.48\,16.0,393.0,1647.0,12.0,80.0,4.2,102.9,20.0,1.57\,16,,,9,9,10,10,10,9,3,2,32,30,55,93.8%,37,36,97.3%,86,5252,42,48.8%,61.1,64,2924,64,0,45.7\,16,25,190,0,32,7.6,47,1145,1,104,24.4,6997\,16,205,71,34.6%,28,17,60.7%,55,31,56.4%\,16,175,1075,38.9,12.0,6.1,30.3,Own 30.5,2:47,2.03\,16,370,5519,1020,5.4,18,8,331,350,547,3705,28,10,6.4,190,438,1814,11,4.1,104,95,861,37,38.0,8.9,-90.30\,16.0,547.0,350.0,3705.0,28.0,8.6,2377.0,1751.0,131.0,21.4%,50.0,8.2%,48.0,8.8%,35.0,133.0,21.8%,89\,16.0,11.0,28.0,,,2.0,,,41.0,,1.0,37.0,40.0,29.0,35.0,,370.0,23.1\,16.0,350.0,547.0,64.0,3705.0,28.0,5.1,10.0,71.0,1.8,7.2,7.4,11.3,231.6,94.9,35.0,234.0,88.0,63.0,6.4,6.6,6.0,-116.33\,16.0,438.0,1814.0,11.0,4.1,113.4,25.22\,16,35,29,82.9%,40,37,92.5%,63,2866,0,45.5\,16,25,294,0,11.8,41,836,0,20.4\,16,210,80,38.1%,22,13,59.1%,53,29,54.7%\,16,179,1055,38.0,8.9,5.9,30.8,Own 29.3,2:41,2.01\
23,Carolina Panthers,16,350,5592,993,5.6,21,5,335,373,550,3888,16,16,6.6,192,407,1704,19,4.2,110,95,752,33,40.3,13.2,81.20\,16.0,19.0,16.0,,,3.0,,,38.0,1.0,2.0,,33.0,36.0,29.0,36.0,,350.0,21.9\,16.0,373.0,550.0,67.8,3888.0,16.0,2.9,16.0,2.9,75.0,7.5,6.8,11.1,243.0,87.5,36.0,241.0,6.6,6.0,6.1,,,60.94\,16.0,407.0,1704.0,19.0,45.0,4.2,106.5,13.0,20.87\,16,,,12,11,10,10,8,7,6,1,36,29,56,80.6%,36,33,91.7%,81,5095,71,87.7%,62.9,45,2082,67,0,46.3\,16,20,117,0,20,5.9,29,734,0,98,25.3,6916\,16,195,76,39.0%,27,15,55.6%,57,29,50.9%\,16,159,1029,40.3,13.2,6.5,35.1,Own 28.5,3:07,2.09\,16,402,5761,1022,5.6,22,15,360,398,585,3825,28,7,6.2,211,408,1936,17,4.7,114,85,713,35,46.0,12.4,-125.54\,16.0,585.0,398.0,3825.0,28.0,7.4,2372.0,1971.0,153.0,24.0%,59.0,9.2%,46.0,7.9%,29.0,134.0,21.0%,118\,16.0,17.0,28.0,1.0,,,,,46.0,1.0,3.0,37.0,43.0,29.0,31.0,,402.0,25.1\,16.0,398.0,585.0,68.0,3825.0,28.0,4.8,7.0,58.0,1.2,6.9,7.3,10.1,239.1,98.4,29.0,199.0,89.0,55.0,6.2,6.6,4.7,-106.79\,16.0,408.0,1936.0,17.0,4.7,121.0,-27.66\,16,31,29,93.5%,43,37,86.0%,51,2233,0,43.8\,16,18,184,1,10.2,7,144,0,20.6\,16,199,98,49.2%,10,6,60.0%,57,36,63.2%\,16,161,1053,46.0,12.4,6.5,35.6,Own 29.8,2:53,2.50\
24,Washington Football Team,16,335,5076,1051,4.8,27,11,322,389,601,3465,16,16,5.3,184,400,1611,18,4.0,108,87,697,30,33.3,13.1,-10.43\,16.0,18.0,16.0,,,1.0,2.0,,37.0,,5.0,,30.0,32.0,27.0,34.0,1.0,335.0,20.9\,16.0,389.0,601.0,64.7,3465.0,16.0,2.7,16.0,2.7,68.0,6.3,5.7,9.8,216.6,80.1,50.0,331.0,5.3,4.7,7.7,2.0,2.0,-22.49\,16.0,400.0,1611.0,18.0,40.0,4.0,100.7,24.0,19.76\,16,,,5,5,8,7,17,13,4,2,34,27,51,79.4%,32,30,93.8%,78,4808,65,83.3%,61.6,73,3504,65,0,48.0\,16,31,176,0,22,5.7,31,645,0,46,20.8,6416\,16,225,88,39.1%,19,11,57.9%,47,27,57.4%\,16,183,1085,33.3,13.1,5.9,27.7,Own 28.4,2:37,1.74\,16,329,4873,1004,4.9,23,7,289,330,529,3068,21,16,5.3,161,428,1805,14,4.2,100,85,708,28,31.4,12.2,32.51\,16.0,529.0,330.0,3068.0,21.0,8.3,2047.0,1496.0,195.0,32.4%,60.0,10.0%,47.0,8.9%,47.0,154.0,25.6%,122\,16.0,14.0,21.0,,,2.0,,,37.0,1.0,1.0,33.0,36.0,24.0,27.0,,329.0,20.6\,16.0,330.0,529.0,62.4,3068.0,21.0,4.0,16.0,66.0,3.0,6.4,5.8,10.3,191.8,81.4,47.0,325.0,97.0,78.0,5.3,4.8,8.2,22.79\,16.0,428.0,1805.0,14.0,4.2,112.8,7.17\,16,27,24,88.9%,36,33,91.7%,73,3370,0,46.2\,16,36,209,0,5.8,9,235,0,26.1\,16,216,81,37.5%,24,9,37.5%,43,23,53.5%\,16,188,1031,31.4,12.2,5.5,25.8,Own 29.5,2:34,1.69\
25,Philadelphia Eagles,16,334,5354,1066,5.0,29,9,336,334,598,3327,22,20,5.0,177,403,2027,16,5.0,114,107,853,45,27.9,15.3,-13.65\,16.0,16.0,22.0,1.0,,2.0,1.0,,42.0,7.0,16.0,,24.0,26.0,14.0,19.0,1.0,334.0,20.9\,16.0,334.0,598.0,55.9,3327.0,22.0,3.7,20.0,3.3,81.0,6.2,5.5,11.2,207.9,72.9,65.0,401.0,5.0,4.3,9.8,3.0,2.0,-18.65\,16.0,403.0,2027.0,16.0,82.0,5.0,126.7,31.0,30.39\,16,,,3,1,6,6,5,5,5,2,19,14,54,73.7%,26,24,92.3%,75,4626,46,61.3%,61.7,74,3395,66,1,45.9\,16,26,230,1,73,8.8,31,648,0,46,20.9,6769\,16,220,82,37.3%,35,15,42.9%,46,28,60.9%\,16,190,1085,27.9,15.3,5.7,28.1,Own 27.2,2:28,1.66\,16,418,5810,1060,5.5,19,11,340,364,530,3798,27,8,6.6,209,481,2012,20,4.2,98,112,1036,33,37.8,9.2,-71.06\,16.0,530.0,364.0,3798.0,27.0,7.7,2334.0,1932.0,133.0,22.2%,58.0,9.7%,61.0,11.5%,49.0,168.0,28.1%,113\,16.0,20.0,27.0,,,,1.0,,48.0,,1.0,45.0,47.0,27.0,32.0,2.0,418.0,26.1\,16.0,364.0,530.0,68.7,3798.0,27.0,5.1,8.0,43.0,1.5,7.8,8.1,11.3,237.4,102.4,49.0,324.0,115.0,91.0,6.6,6.9,8.5,-83.17\,16.0,481.0,2012.0,20.0,4.2,125.8,14.58\,16,32,27,84.4%,47,45,95.7%,71,3271,0,46.1\,16,43,274,0,6.4,26,581,0,22.3\,16,211,80,37.9%,18,7,38.9%,51,33,64.7%\,16,196,1092,37.8,9.2,5.6,29.5,Own 30.6,2:34,2.09\
26,New England Patriots,16,326,5236,979,5.3,19,5,332,283,440,2890,12,14,6.1,157,502,2346,20,4.7,143,62,534,32,36.9,12.1,55.88\,16.0,20.0,12.0,1.0,,1.0,1.0,1.0,36.0,1.0,3.0,,30.0,33.0,26.0,28.0,,326.0,20.4\,16.0,283.0,440.0,64.3,2890.0,12.0,2.7,14.0,3.2,50.0,7.1,6.2,11.0,180.6,81.1,37.0,234.0,6.1,5.2,7.8,1.0,3.0,4.99\,16.0,502.0,2346.0,20.0,49.0,4.7,146.6,19.0,57.63\,16,,,6,6,7,7,12,11,3,2,28,26,51,92.9%,33,30,90.9%,75,4756,42,56.0%,63.4,55,2678,71,0,48.7\,16,23,357,1,70,15.5,31,717,0,53,23.1,6672\,16,186,76,40.9%,17,9,52.9%,48,26,54.2%\,16,157,1007,36.9,12.1,6.4,33.1,Own 28.5,2:57,1.92\,16,353,5660,982,5.8,22,4,339,333,494,3557,22,18,6.9,187,464,2103,17,4.5,131,82,639,21,38.9,14.0,-113.10\,16.0,494.0,333.0,3557.0,22.0,8.4,1978.0,1765.0,135.0,24.4%,80.0,14.4%,42.0,8.5%,24.0,146.0,26.4%,90\,16.0,17.0,22.0,,,,2.0,,41.0,2.0,2.0,37.0,39.0,22.0,27.0,,353.0,22.1\,16.0,333.0,494.0,67.4,3557.0,22.0,4.5,18.0,52.0,3.6,7.5,6.8,11.2,222.3,89.3,24.0,165.0,65.0,48.0,6.9,6.2,4.6,-70.19\,16.0,464.0,2103.0,17.0,4.5,131.4,-42.97\,16,27,22,81.5%,39,37,94.9%,52,2390,0,46.0\,16,12,71,0,5.9,32,680,0,21.3\,16,186,76,40.9%,16,9,56.3%,49,32,65.3%\,16,157,1009,38.9,14.0,6.4,35.9,Own 24.6,3:10,2.16\
27,Denver Broncos,16,323,5369,1030,5.2,32,9,308,317,556,3451,21,23,5.9,176,442,1918,13,4.3,94,81,670,38,33.0,17.0,-21.82\,16.0,13.0,21.0,1.0,,,,,35.0,2.0,5.0,,25.0,30.0,28.0,35.0,,323.0,20.2\,16.0,317.0,556.0,57.0,3451.0,21.0,3.8,23.0,4.1,92.0,6.6,5.5,11.6,215.7,72.5,32.0,222.0,5.9,4.8,5.4,2.0,2.0,3.23\,16.0,442.0,1918.0,13.0,65.0,4.3,119.9,23.0,-13.97\,16,,,6,6,5,4,8,8,16,10,35,28,58,80.0%,30,25,83.3%,79,4839,54,68.4%,61.3,66,3040,69,1,46.1\,16,20,267,1,83,13.4,27,557,0,31,20.6,6531\,16,212,82,38.7%,15,4,26.7%,45,24,53.3%\,16,188,1065,33.0,17.0,5.7,28.4,Own 26.9,2:28,1.71\,16,446,5887,1043,5.6,16,6,333,374,567,3807,21,10,6.3,201,434,2080,22,4.8,106,106,952,26,44.6,8.2,-92.82\,16.0,567.0,374.0,3807.0,21.0,8.1,2366.0,1814.0,178.0,27.9%,73.0,11.5%,45.0,7.9%,42.0,160.0,25.1%,94\,16.0,22.0,21.0,,1.0,1.0,2.0,,47.0,1.0,3.0,41.0,44.0,39.0,42.0,2.0,446.0,27.9\,16.0,374.0,567.0,66.0,3807.0,21.0,3.7,10.0,64.0,1.8,7.2,7.2,10.9,237.9,92.1,42.0,282.0,93.0,65.0,6.3,6.2,6.9,-72.16\,16.0,434.0,2080.0,22.0,4.8,130.0,-28.92\,16,42,39,92.9%,44,41,93.2%,63,2829,0,44.9\,16,28,226,0,8.1,21,627,1,29.9\,16,219,88,40.2%,14,7,50.0%,61,29,47.5%\,16,184,1085,44.6,8.2,5.9,31.9,Own 31.9,2:42,2.27\
28,Cincinnati Bengals,16,311,5116,1040,4.9,24,13,318,372,581,3448,19,11,5.5,201,411,1668,13,4.1,92,83,675,25,33.0,12.8,-5.13\,16.0,13.0,19.0,,1.0,,,,33.0,,0.0,,32.0,33.0,27.0,34.0,,311.0,19.4\,16.0,372.0,581.0,64.0,3448.0,19.0,3.3,11.0,1.9,72.0,6.5,6.3,10.2,215.5,85.7,48.0,345.0,5.5,5.3,7.6,1.0,1.0,28.77\,16.0,411.0,1668.0,13.0,55.0,4.1,104.3,20.0,-28.73\,16,,,3,3,15,13,10,8,6,3,34,27,55,79.4%,33,32,97.0%,76,4777,56,73.7%,62.9,71,3350,72,0,47.2\,16,23,232,0,29,10.1,31,764,1,103,24.6,6579\,16,213,77,36.2%,27,19,70.4%,48,24,50.0%\,16,179,1074,33.0,12.8,6.0,28.4,Own 28.0,2:47,1.70\,16,424,6227,1021,6.1,17,6,343,340,541,3859,32,11,6.9,192,463,2368,13,5.1,126,99,795,25,43.3,9.4,-142.20\,16.0,541.0,340.0,3859.0,32.0,8.8,2380.0,1683.0,181.0,30.9%,41.0,7.0%,50.0,9.2%,17.0,108.0,18.5%,109\,16.0,13.0,32.0,,,2.0,,,47.0,,3.0,43.0,44.0,33.0,38.0,,424.0,26.5\,16.0,340.0,541.0,62.8,3859.0,32.0,5.9,11.0,80.0,2.0,7.3,7.6,11.6,241.2,96.1,17.0,83.0,73.0,45.0,6.9,7.2,3.0,-122.53\,16.0,463.0,2368.0,13.0,5.1,148.0,-30.61\,16,38,33,86.8%,44,43,97.7%,59,2797,0,47.4\,16,29,170,0,5.9,18,415,0,23.1\,16,210,91,43.3%,16,10,62.5%,58,37,63.8%\,16,180,1059,43.3,9.4,5.9,34.6,Own 29.0,2:37,2.30\
29,Jacksonville Jaguars,16,306,5218,997,5.2,25,9,310,387,616,3699,25,16,5.6,205,337,1519,9,4.5,80,107,1071,25,30.4,14.0,-6.12\,16.0,9.0,25.0,1.0,,,1.0,1.0,37.0,3.0,9.0,,24.0,28.0,18.0,25.0,,306.0,19.1\,16.0,387.0,616.0,62.8,3699.0,25.0,4.1,16.0,2.6,73.0,6.4,6.1,10.2,231.2,83.9,44.0,256.0,5.6,5.3,6.7,1.0,1.0,3.97\,16.0,337.0,1519.0,9.0,47.0,4.5,94.9,16.0,9.41\,16,,,5,4,7,6,4,2,9,6,25,18,59,72.0%,28,24,85.7%,73,4295,42,57.5%,58.8,65,3051,67,0,46.9\,16,18,205,1,91,11.4,30,614,0,40,20.5,6525\,16,207,84,40.6%,26,7,26.9%,45,27,60.0%\,16,171,1022,30.4,14.0,6.0,30.5,Own 26.5,2:36,1.71\,16,492,6683,1068,6.3,17,5,394,370,533,4231,34,12,7.7,210,517,2452,23,4.7,140,78,710,44,47.8,9.2,-228.53\,16.0,533.0,370.0,4231.0,34.0,8.3,2238.0,2101.0,179.0,31.0%,40.0,6.9%,49.0,9.2%,18.0,107.0,18.5%,115\,16.0,23.0,34.0,,,,,,57.0,1.0,2.0,51.0,55.0,31.0,39.0,2.0,492.0,30.8\,16.0,370.0,533.0,69.4,4231.0,34.0,6.4,12.0,60.0,2.3,8.1,8.4,11.7,264.4,105.6,18.0,91.0,77.0,57.0,7.7,7.9,3.3,-206.62\,16.0,517.0,2452.0,23.0,4.7,153.3,-26.00\,16,39,31,79.5%,55,51,92.7%,49,2090,1,42.7\,16,26,196,0,7.5,25,469,0,18.8\,16,198,86,43.4%,18,12,66.7%,63,40,63.5%\,16,184,1107,47.8,9.2,6.0,36.4,Own 31.2,2:50,2.67\
30,New York Giants,16,280,4794,966,5.0,22,11,297,321,517,3026,12,11,5.3,178,399,1768,13,4.4,91,81,634,28,33.5,12.6,-24.74\,16.0,13.0,12.0,,,1.0,1.0,,27.0,2.0,4.0,,21.0,23.0,31.0,32.0,,280.0,17.5\,16.0,321.0,517.0,62.1,3026.0,12.0,2.3,11.0,2.1,53.0,6.5,6.0,10.4,189.1,79.6,50.0,310.0,5.3,4.9,8.8,0.0,0.0,-15.36\,16.0,399.0,1768.0,13.0,80.0,4.4,110.5,20.0,1.12\,16,,,4,4,13,13,9,9,6,5,32,31,55,96.9%,23,21,91.3%,74,4407,30,40.5%,59.6,66,2911,71,1,44.1\,16,20,228,0,20,11.4,36,788,0,48,21.9,6259\,16,198,72,36.4%,22,14,63.6%,41,19,46.3%\,16,167,998,33.5,12.6,6.0,28.7,Own 29.2,2:45,1.60\,16,357,5589,1046,5.3,22,11,353,388,574,3807,22,11,6.2,215,432,1782,14,4.1,115,88,681,23,41.5,12.2,-63.46\,16.0,574.0,388.0,3807.0,22.0,7.3,2395.0,1874.0,174.0,26.9%,62.0,9.6%,59.0,10.3%,40.0,161.0,24.9%,97\,16.0,14.0,22.0,,1.0,1.0,,,38.0,1.0,7.0,29.0,31.0,32.0,36.0,1.0,357.0,22.3\,16.0,388.0,574.0,67.6,3807.0,22.0,3.8,11.0,75.0,1.9,7.2,7.1,10.6,237.9,93.2,40.0,323.0,107.0,74.0,6.2,6.1,6.5,-79.64\,16.0,432.0,1782.0,14.0,4.1,111.4,0.14\,16,36,32,88.9%,31,29,93.5%,55,2589,0,47.1\,16,25,232,0,9.3,41,910,1,22.2\,16,204,91,44.6%,18,11,61.1%,59,30,50.8%\,16,164,1082,41.5,12.2,6.6,34.0,Own 29.2,3:03,2.12\
31,New York Jets,16,243,4479,948,4.7,19,5,269,292,499,2796,16,14,5.2,146,406,1683,9,4.1,94,101,952,29,26.3,10.9,-59.07\,16.0,9.0,16.0,,,,1.0,,26.0,1.0,2.0,,20.0,24.0,21.0,28.0,1.0,243.0,15.2\,16.0,292.0,499.0,58.5,2796.0,16.0,3.2,14.0,2.8,69.0,6.2,5.6,10.7,174.8,75.9,43.0,319.0,5.2,4.6,7.9,,,-43.13\,16.0,406.0,1683.0,9.0,46.0,4.1,105.2,8.0,-6.76\,16,,,7,6,10,9,6,3,5,3,28,21,55,75.0%,24,20,83.3%,63,3965,34,54.0%,62.9,82,3598,60,0,43.9\,16,10,86,0,18,8.6,41,811,0,66,19.8,5840\,16,206,70,34.0%,18,7,38.9%,38,16,42.1%\,16,175,976,26.3,10.9,5.6,25.6,Own 26.4,2:33,1.36\,16,457,6201,1081,5.7,19,9,381,418,605,4409,34,10,6.9,235,445,1792,16,4.0,100,99,899,46,44.6,10.7,-169.15\,16.0,605.0,418.0,4409.0,34.0,7.7,2599.0,2077.0,249.0,38.4%,59.0,9.1%,46.0,7.6%,31.0,136.0,21.0%,133\,16.0,16.0,34.0,,,,3.0,,53.0,,1.0,50.0,52.0,29.0,35.0,1.0,457.0,28.6\,16.0,418.0,605.0,69.1,4409.0,34.0,5.6,10.0,67.0,1.7,7.6,8.0,11.0,275.6,103.2,31.0,186.0,84.0,72.0,6.9,7.3,4.9,-197.81\,16.0,445.0,1792.0,16.0,4.0,112.0,23.32\,16,35,29,82.9%,52,50,96.2%,54,2272,2,42.1\,16,38,446,0,11.7,27,670,0,24.8\,16,202,90,44.6%,12,5,41.7%,60,36,60.0%\,16,177,1116,44.6,10.7,6.3,34.9,Own 30.6,2:54,2.47\
32,Tm,,,,,,,,,,,,,,,,,,,,,,,,,,,,,,,,,,,,,,,,,,,,,,,,,,,,,,,,,,,,,,,,,,,,,,,,,,,,,,,,,,,,,,,,,,,,,,,,,,,,,,,,,,,,,,,,,,,,,,,,,,,,,,,,,,,,,,,,,,,,,,,,,,,,,,,,,,,,,,,,,,,,,,,,,,,,,,,,,,,,,,,,,,,,,,,,,,,,,,,,,,,,,,,,,,,,,,,,,,,,,,,,,,,,,,G,FGA,FGM,FG%,XPA,XPM,XP%,Pnt,Yds,Blck,Y/P\,G,Ret,Yds,TD,Y/R,Rt,Yds,TD,Y/Rt\,,,,,,,,,,,,,,,,,,,,
