,Team,Games,Games,Points,Yards,Plays,Yards per Play,Takeaways,Fumbles Recovered,1st Downs,Completions,Attempts, Passing Yards,Passing TDs,Interceptions,Passing Yards per Attempt,Passing 1st Downs,Rushing Attempts,Rushing Yards,Rushing TDs,Rushing Yards per Attempt,Rushing 1st Downs,Penalties,Penalty Yards,1st Downs by Penalty,Scoring Percentage,Takeaway Percentage,Target Depth,Completion Air Yards,Yards After Catch,Blitzes,Blitzes per Dropback,Hurries,Hurries per Dropback,Knockdowns,Knockdowns per Attempt,Sacks,Pressures,Pressures per Dropback,Missed Tackles,Rushing TDs,Receiving TDs,PR TDs,KR TDs,Fumble TDs,Interception TDs,Other TDs,All TDs,2P Made,2p Attempted,Extra Points Made,Extra Points Attempted,Field Goals Made,Field Goals Attempted,Safeties,TD Percentage,Passes Defensed,Interception Percentage,QBR,Sack Yards,QB Hits,Tackles for Loss,Sack Percentage,Expected Points Added
0,Los Angeles Rams,16,16.0,296,4511,989,4.6,22,8,280,347,548,3051,17,14,5.1,170,388,1460,12,3.8,91,78,582,19,27.9,12.0,7.4,1604.0,1747.0,171.0,27.3%,46.0,7.3%,46.0,8.4%,53.0,145.0,23.1%,79\,12.0,17.0,1.0,,2.0,1.0,,33.0,,1.0,32.0,32.0,22.0,26.0,,3.1,68.0,2.6,80.4,350.0,102.0,66.0,8.8,32.43\
1,Baltimore Ravens,16,16.0,303,5276,1017,5.2,22,12,347,380,596,3536,22,10,5.6,213,382,1740,12,4.6,96,77,646,38,30.0,12.4,7.9,2078.0,1787.0,290.0,44.1%,60.0,9.1%,71.0,11.9%,39.0,170.0,25.9%,135\,12.0,22.0,,,1.0,2.0,,37.0,4.0,6.0,25.0,30.0,16.0,24.0,,3.7,67.0,1.7,87.2,272.0,116.0,71.0,6.1,14.33\
2,Pittsburgh Steelers,16,16.0,312,4893,996,4.9,27,9,281,298,526,3110,22,18,5.3,163,414,1783,13,4.3,94,103,980,24,29.3,13.8,9.5,2094.0,1376.0,244.0,40.3%,79.0,13.0%,68.0,12.9%,56.0,203.0,33.5%,112\,13.0,22.0,,,,1.0,,36.0,2.0,3.0,32.0,33.0,20.0,24.0,,4.2,84.0,3.4,76.7,384.0,137.0,103.0,9.6,3.99\
3,Washington Football Team,16,16.0,329,4873,1004,4.9,23,7,289,330,529,3068,21,16,5.3,161,428,1805,14,4.2,100,85,708,28,31.4,12.2,8.3,2047.0,1496.0,195.0,32.4%,60.0,10.0%,47.0,8.9%,47.0,154.0,25.6%,122\,14.0,21.0,,,2.0,,,37.0,1.0,1.0,33.0,36.0,24.0,27.0,,4.0,66.0,3.0,81.4,325.0,97.0,78.0,8.2,7.17\
4,New Orleans Saints,16,16.0,337,4974,992,5.0,26,8,320,333,557,3472,28,18,5.8,185,390,1502,11,3.9,85,64,517,50,34.7,13.1,9.0,2331.0,1589.0,197.0,31.8%,62.0,10.0%,54.0,9.7%,45.0,161.0,26.0%,81\,11.0,28.0,,,,,,39.0,2.0,4.0,33.0,35.0,22.0,26.0,,5.0,84.0,3.2,83.3,287.0,113.0,81.0,7.5,22.79\
5,Miami Dolphins,16,16.0,338,5886,998,5.9,29,11,336,343,545,4024,21,18,6.9,193,412,1862,17,4.5,113,85,805,30,30.7,15.6,9.2,2365.0,2036.0,247.0,40.6%,56.0,9.2%,46.0,8.4%,41.0,143.0,23.5%,107\,17.0,21.0,2.0,,,1.0,,41.0,,0.0,39.0,41.0,17.0,23.0,1.0,3.9,76.0,3.3,87.0,349.0,99.0,69.0,7.0,-26.37\
6,New England Patriots,16,16.0,353,5660,982,5.8,22,4,339,333,494,3557,22,18,6.9,187,464,2103,17,4.5,131,82,639,21,38.9,14.0,8.4,1978.0,1765.0,135.0,24.4%,80.0,14.4%,42.0,8.5%,24.0,146.0,26.4%,90\,17.0,22.0,,,,2.0,,41.0,2.0,2.0,37.0,39.0,22.0,27.0,,4.5,52.0,3.6,89.3,165.0,65.0,48.0,4.6,-42.97\
7,Tampa Bay Buccaneers,16,16.0,355,5234,1023,5.1,25,10,319,426,617,3945,29,15,5.9,215,358,1289,10,3.6,78,95,1015,26,33.7,14.0,7.6,2656.0,2002.0,268.0,39.0%,73.0,10.6%,66.0,10.7%,48.0,187.0,27.2%,103\,10.0,29.0,1.0,,,2.0,,42.0,1.0,3.0,38.0,39.0,21.0,26.0,,4.7,70.0,2.4,94.3,366.0,116.0,91.0,7.2,25.54\
8,New York Giants,16,16.0,357,5589,1046,5.3,22,11,353,388,574,3807,22,11,6.2,215,432,1782,14,4.1,115,88,681,23,41.5,12.2,7.3,2395.0,1874.0,174.0,26.9%,62.0,9.6%,59.0,10.3%,40.0,161.0,24.9%,97\,14.0,22.0,,1.0,1.0,,,38.0,1.0,7.0,29.0,31.0,32.0,36.0,1.0,3.8,75.0,1.9,93.2,323.0,107.0,74.0,6.5,0.14\
9,Indianapolis Colts,16,16.0,362,5314,992,5.4,25,10,329,369,562,3866,24,15,6.4,203,390,1448,16,3.7,94,86,755,32,35.1,14.3,8.0,2546.0,1766.0,108.0,17.1%,71.0,11.2%,34.0,6.0%,40.0,145.0,22.9%,70\,16.0,24.0,,1.0,1.0,1.0,,43.0,2.0,2.0,41.0,41.0,19.0,23.0,1.0,4.3,78.0,2.7,90.5,261.0,81.0,71.0,6.6,13.82\
10,Kansas City Chiefs,16,16.0,362,5733,1022,5.6,22,6,353,349,557,3779,29,16,6.4,202,433,1954,14,4.5,113,97,760,38,36.1,13.0,8.5,2151.0,2085.0,221.0,35.6%,55.0,8.9%,63.0,11.3%,32.0,150.0,24.2%,120\,14.0,29.0,,1.0,,,,44.0,1.0,4.0,38.0,40.0,18.0,26.0,2.0,5.2,64.0,2.9,89.4,189.0,99.0,47.0,5.4,-46.96\
11,Arizona Cardinals,16,16.0,367,5631,1054,5.3,21,10,363,365,570,3623,26,11,5.9,207,436,2008,13,4.6,118,104,841,38,37.2,10.5,7.7,1920.0,2057.0,256.0,39.3%,66.0,10.1%,54.0,9.5%,48.0,168.0,25.8%,111\,13.0,26.0,,,1.0,2.0,,42.0,,4.0,36.0,38.0,25.0,30.0,2.0,4.6,57.0,1.9,91.5,326.0,100.0,88.0,7.8,-24.28\
12,Green Bay Packers,16,16.0,369,5344,974,5.5,18,7,332,346,536,3539,23,11,6.1,184,397,1805,16,4.5,119,79,734,29,39.9,11.4,7.7,2112.0,1858.0,150.0,24.7%,50.0,8.2%,36.0,6.7%,41.0,127.0,20.9%,108\,16.0,23.0,2.0,,,1.0,,42.0,5.0,5.0,35.0,37.0,24.0,27.0,,4.3,74.0,2.1,91.1,254.0,80.0,58.0,7.1,-36.38\
13,Chicago Bears,16,16.0,370,5519,1020,5.4,18,8,331,350,547,3705,28,10,6.4,190,438,1814,11,4.1,104,95,861,37,38.0,8.9,8.6,2377.0,1751.0,131.0,21.4%,50.0,8.2%,48.0,8.8%,35.0,133.0,21.8%,89\,11.0,28.0,,,2.0,,,41.0,,1.0,37.0,40.0,29.0,35.0,,5.1,71.0,1.8,94.9,234.0,88.0,63.0,6.0,25.22\
14,Seattle Seahawks,16,16.0,371,6089,1112,5.5,22,8,376,450,674,4560,23,14,6.3,253,392,1529,18,3.9,97,94,803,26,40.0,12.0,8.0,2970.0,1925.0,253.0,33.5%,70.0,9.3%,60.0,8.9%,46.0,176.0,23.3%,89\,18.0,23.0,,,,1.0,,42.0,3.0,9.0,26.0,33.0,29.0,35.0,,3.4,80.0,2.1,90.2,251.0,109.0,88.0,6.4,13.95\
15,Buffalo Bills,16,16.0,375,5640,1025,5.5,26,11,351,369,573,3726,23,15,6.1,199,414,1914,21,4.6,125,86,728,27,39.4,15.3,7.0,2192.0,1758.0,230.0,35.8%,51.0,7.9%,46.0,8.0%,38.0,135.0,21.0%,127\,21.0,23.0,,,,,,44.0,5.0,7.0,32.0,37.0,23.0,25.0,,4.0,76.0,2.6,86.9,220.0,92.0,72.0,6.2,-49.53\
16,San Francisco 49ers,16,16.0,390,5030,997,5.0,20,8,311,341,537,3327,25,12,5.9,176,430,1703,12,4.0,102,79,709,33,38.3,10.4,7.8,1907.0,1673.0,203.0,33.6%,69.0,11.4%,38.0,7.1%,30.0,137.0,22.7%,68\,12.0,25.0,,1.0,2.0,2.0,,42.0,1.0,2.0,37.0,40.0,33.0,37.0,,4.7,62.0,2.2,88.6,199.0,72.0,67.0,5.3,15.79\
17,Carolina Panthers,16,16.0,402,5761,1022,5.6,22,15,360,398,585,3825,28,7,6.2,211,408,1936,17,4.7,114,85,713,35,46.0,12.4,7.4,2372.0,1971.0,153.0,24.0%,59.0,9.2%,46.0,7.9%,29.0,134.0,21.0%,118\,17.0,28.0,1.0,,,,,46.0,1.0,3.0,37.0,43.0,29.0,31.0,,4.8,58.0,1.2,98.4,199.0,89.0,55.0,4.7,-27.66\
18,Atlanta Falcons,16,16.0,414,6374,1034,6.2,21,9,367,425,625,4697,34,12,7.2,239,380,1677,15,4.4,97,91,800,31,42.0,12.1,8.5,2757.0,2248.0,224.0,32.8%,70.0,10.2%,60.0,9.6%,29.0,159.0,23.3%,100\,15.0,34.0,,,,,,49.0,2.0,4.0,44.0,45.0,24.0,28.0,,5.4,51.0,1.9,101.7,221.0,92.0,63.0,4.4,20.45\
19,Philadelphia Eagles,16,16.0,418,5810,1060,5.5,19,11,340,364,530,3798,27,8,6.6,209,481,2012,20,4.2,98,112,1036,33,37.8,9.2,7.7,2334.0,1932.0,133.0,22.2%,58.0,9.7%,61.0,11.5%,49.0,168.0,28.1%,113\,20.0,27.0,,,,1.0,,48.0,,1.0,45.0,47.0,27.0,32.0,2.0,5.1,43.0,1.5,102.4,324.0,115.0,91.0,8.5,14.58\
20,Cleveland Browns,16,16.0,419,5735,1035,5.5,21,10,352,371,585,3962,31,11,6.4,214,412,1773,16,4.3,116,84,690,22,43.0,12.7,8.7,2465.0,1857.0,138.0,21.3%,69.0,10.6%,29.0,5.0%,38.0,136.0,21.0%,97\,16.0,31.0,,1.0,1.0,1.0,,50.0,5.0,9.0,38.0,41.0,23.0,27.0,1.0,5.3,74.0,1.9,94.8,262.0,75.0,57.0,6.1,-19.02\
21,Cincinnati Bengals,16,16.0,424,6227,1021,6.1,17,6,343,340,541,3859,32,11,6.9,192,463,2368,13,5.1,126,99,795,25,43.3,9.4,8.8,2380.0,1683.0,181.0,30.9%,41.0,7.0%,50.0,9.2%,17.0,108.0,18.5%,109\,13.0,32.0,,,2.0,,,47.0,,3.0,43.0,44.0,33.0,38.0,,5.9,80.0,2.0,96.1,83.0,73.0,45.0,3.0,-30.61\
22,Los Angeles Chargers,16,16.0,426,5495,997,5.5,19,7,324,340,543,3578,29,12,6.3,186,427,1917,17,4.5,112,94,869,26,43.5,10.0,8.9,2386.0,1601.0,98.0,16.3%,58.0,9.7%,51.0,9.4%,27.0,136.0,22.6%,109\,17.0,29.0,1.0,,,,2.0,47.0,3.0,5.0,40.0,44.0,28.0,32.0,1.0,5.3,54.0,2.2,91.4,137.0,84.0,55.0,4.7,-3.97\
23,Tennessee Titans,16,16.0,439,6372,1076,5.9,23,8,391,423,630,4439,36,15,6.8,247,427,1933,18,4.5,113,103,840,31,45.2,13.3,8.1,2586.0,2002.0,194.0,28.7%,49.0,7.2%,49.0,7.8%,19.0,117.0,17.3%,113\,18.0,36.0,,,,,1.0,54.0,1.0,8.0,42.0,47.0,21.0,23.0,1.0,5.7,81.0,2.4,97.5,154.0,72.0,54.0,2.9,-31.76\
24,Denver Broncos,16,16.0,446,5887,1043,5.6,16,6,333,374,567,3807,21,10,6.3,201,434,2080,22,4.8,106,106,952,26,44.6,8.2,8.1,2366.0,1814.0,178.0,27.9%,73.0,11.5%,45.0,7.9%,42.0,160.0,25.1%,94\,22.0,21.0,,1.0,1.0,2.0,,47.0,1.0,3.0,41.0,44.0,39.0,42.0,2.0,3.7,64.0,1.8,92.1,282.0,93.0,65.0,6.9,-28.92\
25,New York Jets,16,16.0,457,6201,1081,5.7,19,9,381,418,605,4409,34,10,6.9,235,445,1792,16,4.0,100,99,899,46,44.6,10.7,7.7,2599.0,2077.0,249.0,38.4%,59.0,9.1%,46.0,7.6%,31.0,136.0,21.0%,133\,16.0,34.0,,,,3.0,,53.0,,1.0,50.0,52.0,29.0,35.0,1.0,5.6,67.0,1.7,103.2,186.0,84.0,72.0,4.9,23.32\
26,Houston Texans,16,16.0,464,6668,1068,6.2,9,6,390,377,541,4104,30,3,7.1,222,493,2564,24,5.2,145,76,678,23,47.0,5.4,7.7,2232.0,2282.0,212.0,35.9%,48.0,8.1%,41.0,7.6%,34.0,123.0,20.8%,125\,24.0,30.0,,,1.0,,,55.0,3.0,4.0,49.0,50.0,25.0,31.0,2.0,5.5,50.0,0.6,109.6,221.0,80.0,65.0,5.9,-58.20\
27,Dallas Cowboys,16,16.0,473,6183,1054,5.9,23,13,359,328,513,3642,34,10,6.7,180,510,2541,20,5.0,142,91,733,37,43.1,12.2,8.4,2319.0,1688.0,131.0,22.7%,58.0,10.0%,42.0,8.2%,31.0,131.0,22.7%,103\,20.0,34.0,,,1.0,2.0,,57.0,4.0,8.0,45.0,48.0,24.0,27.0,3.0,6.6,46.0,1.9,100.4,178.0,74.0,54.0,5.7,-50.73\
28,Minnesota Vikings,16,16.0,475,6292,1036,6.1,22,7,366,358,541,4141,30,15,7.3,208,472,2151,19,4.6,136,83,723,22,50.0,10.7,9.0,2585.0,1800.0,159.0,26.9%,48.0,8.1%,39.0,7.2%,23.0,110.0,18.6%,131\,19.0,30.0,,1.0,2.0,1.0,,53.0,3.0,7.0,42.0,46.0,35.0,39.0,2.0,5.5,56.0,2.8,97.0,126.0,70.0,54.0,4.1,-41.77\
29,Las Vegas Raiders,16,16.0,478,6225,1039,6.0,15,5,381,370,580,4212,28,10,7.0,223,438,2013,24,4.6,114,95,915,44,50.3,8.4,7.8,2488.0,2054.0,147.0,23.5%,75.0,12.0%,48.0,8.3%,21.0,144.0,23.0%,147\,24.0,28.0,,,1.0,2.0,,55.0,4.0,6.0,44.0,48.0,32.0,39.0,,4.8,74.0,1.7,95.3,129.0,77.0,61.0,3.5,-38.01\
30,Jacksonville Jaguars,16,16.0,492,6683,1068,6.3,17,5,394,370,533,4231,34,12,7.7,210,517,2452,23,4.7,140,78,710,44,47.8,9.2,8.3,2238.0,2101.0,179.0,31.0%,40.0,6.9%,49.0,9.2%,18.0,107.0,18.5%,115\,23.0,34.0,,,,,,57.0,1.0,2.0,51.0,55.0,31.0,39.0,2.0,6.4,60.0,2.3,105.6,91.0,77.0,57.0,3.3,-26.00\
31,Detroit Lions,16,16.0,519,6716,1068,6.3,12,5,415,383,557,4558,38,7,7.8,253,487,2158,27,4.4,127,103,797,35,47.9,7.1,8.8,2782.0,2175.0,142.0,23.7%,46.0,7.7%,31.0,5.6%,24.0,101.0,16.9%,128\,27.0,38.0,,,,3.0,,68.0,5.0,6.0,53.0,62.0,16.0,20.0,,6.8,51.0,1.3,112.4,195.0,56.0,61.0,4.1,-42.32\
